Account,Ticket,Underlying,Symbol,Exchange,Time,Action,Quantity,Price,Commission
PST-006776-G030,20594684,MNQ,MNQH6,CME,"01/07/2026 03:17:52.989-0500",BOT,1,25779.00,
PST-006776-G030,20594704,MNQ,MNQH6,CME,"01/07/2026 03:19:06.782-0500",BOT,1,25778.25,
PST-006776-G030,20594740,MNQ,MNQH6,CME,"01/07/2026 03:21:28.608-0500",BOT,1,25781.75,
PST-006776-G030,20594813,MNQ,MNQH6,CME,"01/07/2026 03:24:34.113-0500",SLD,1,25777.25,
PST-006776-G030,20594818,MNQ,MNQH6,CME,"01/07/2026 03:24:37.552-0500",SLD,1,25777.25,
PST-006776-G030,20594968,MNQ,MNQH6,CME,"01/07/2026 03:34:21.535-0500",SLD,1,25768.25,
PST-006776-G030,20594968,MNQ,MNQH6,CME,"01/07/2026 03:34:21.535-0500",SLD,1,25768.00,
PST-006776-G030,20594994,MNQ,MNQH6,CME,"01/07/2026 03:34:57.998-0500",BOT,2,25766.75,
PST-006776-G030,20595113,MNQ,MNQH6,CME,"01/07/2026 03:44:50.742-0500",BOT,1,25773.25,
PST-006776-G030,20595130,MNQ,MNQH6,CME,"01/07/2026 03:45:13.535-0500",BOT,1,25772.25,
PST-006776-G030,20595161,MNQ,MNQH6,CME,"01/07/2026 03:48:50.917-0500",SLD,1,25771.00,
PST-006776-G030,20595164,MNQ,MNQH6,CME,"01/07/2026 03:49:05.677-0500",SLD,1,25770.75,
PST-006776-G030,20595232,MNQ,MNQH6,CME,"01/07/2026 03:54:16.695-0500",SLD,2,25765.25,
PST-006776-G030,20595338,MNQ,MNQH6,CME,"01/07/2026 04:00:27.078-0500",BOT,1,25756.75,
PST-006776-G030,20595737,MNQ,MNQH6,CME,"01/07/2026 04:11:41.046-0500",BOT,1,25744.25,
PST-006776-G030,20596109,MNQ,MNQH6,CME,"01/07/2026 04:31:11.046-0500",BOT,1,25746.50,
PST-006776-G030,20596112,MNQ,MNQH6,CME,"01/07/2026 04:31:45.930-0500",BOT,1,25747.50,
PST-006776-G030,20597121,MNQ,MNQH6,CME,"01/07/2026 05:53:51.029-0500",BOT,1,25738.00,
PST-006776-G030,20597155,MNQ,MNQH6,CME,"01/07/2026 05:55:21.425-0500",SLD,1,25730.50,
PST-006776-G030,20597198,MNQ,MNQH6,CME,"01/07/2026 05:57:22.382-0500",BOT,1,25736.50,
PST-006776-G030,20598684,MNQ,MNQH6,CME,"01/07/2026 07:30:21.290-0500",SLD,1,25773.00,
PST-006776-G030,20598717,MNQ,MNQH6,CME,"01/07/2026 07:30:47.798-0500",SLD,1,25771.25,
PST-006776-G030,20601982,MNQ,MNQH6,CME,"01/07/2026 08:40:34.658-0500",BOT,1,25789.00,
PST-006776-G030,20602602,MNQ,MNQH6,CME,"01/07/2026 08:49:22.924-0500",BOT,1,25786.75,
PST-006776-G030,20603836,MNQ,MNQH6,CME,"01/07/2026 09:05:13.802-0500",SLD,1,25769.25,
PST-006776-G030,20603850,MNQ,MNQH6,CME,"01/07/2026 09:05:16.401-0500",SLD,1,25769.00,
PST-006776-G030,20604154,MNQ,MNQH6,CME,"01/07/2026 09:07:23.827-0500",BOT,1,25769.25,
PST-006776-G030,20604187,MNQ,MNQH6,CME,"01/07/2026 09:07:36.991-0500",BOT,1,25770.00,
PST-006776-G030,20605408,MNQ,MNQH6,CME,"01/07/2026 09:21:21.586-0500",SLD,1,25774.25,
PST-006776-G030,20605408,MNQ,MNQH6,CME,"01/07/2026 09:21:21.586-0500",SLD,1,25774.00,
PST-006776-G030,20694074,MNQ,MNQH6,CME,"01/07/2026 22:37:00.611-0500",SLD,2,25776.25,
PST-006776-G030,20694362,MNQ,MNQH6,CME,"01/07/2026 22:55:55.762-0500",BOT,2,25780.50,
PST-006776-G030,20694381,MNQ,MNQH6,CME,"01/07/2026 22:57:30.448-0500",SLD,2,25775.75,
PST-006776-G030,20694461,MNQ,MNQH6,CME,"01/07/2026 23:01:09.576-0500",BOT,2,25782.75,
PST-006776-G030,20694513,MNQ,MNQH6,CME,"01/07/2026 23:07:11.213-0500",BOT,2,25780.00,
PST-006776-G030,20694703,MNQ,MNQH6,CME,"01/07/2026 23:25:02.723-0500",BOT,1,25787.25,
PST-006776-G030,20695315,MNQ,MNQH6,CME,"01/08/2026 00:12:42.826-0500",SLD,1,25774.25,
PST-006776-G030,20695329,MNQ,MNQH6,CME,"01/08/2026 00:12:52.204-0500",SLD,1,25771.00,
PST-006776-G030,20695336,MNQ,MNQH6,CME,"01/08/2026 00:12:53.784-0500",SLD,1,25770.50,
PST-006776-G030,20695349,MNQ,MNQH6,CME,"01/08/2026 00:13:05.338-0500",SLD,1,25769.50,
PST-006776-G030,20695350,MNQ,MNQH6,CME,"01/08/2026 00:13:05.402-0500",SLD,1,25769.50,
PST-006776-G030,20695359,MNQ,MNQH6,CME,"01/08/2026 00:13:07.087-0500",SLD,1,25770.00,
PST-006776-G030,20695365,MNQ,MNQH6,CME,"01/08/2026 00:13:12.802-0500",SLD,1,25770.00,
PST-006776-G030,20695472,MNQ,MNQH6,CME,"01/08/2026 01:01:22.823-0500",BOT,1,25727.00,
PST-006776-G030,20695472,MNQ,MNQH6,CME,"01/08/2026 01:01:22.825-0500",BOT,1,25727.00,
PST-006776-G030,20697382,MNQ,MNQH6,CME,"01/08/2026 01:21:11.682-0500",BOT,1,25689.50,
PST-006776-G030,20698014,MNQ,MNQH6,CME,"01/08/2026 01:51:34.818-0500",SLD,1,25697.00,
PST-006776-G030,20698175,MNQ,MNQH6,CME,"01/08/2026 01:55:00.365-0500",BOT,1,25705.25,
PST-006776-G030,20698175,MNQ,MNQH6,CME,"01/08/2026 01:55:00.365-0500",BOT,1,25705.50,
PST-006776-G030,20698311,MNQ,MNQH6,CME,"01/08/2026 02:00:41.082-0500",SLD,1,25702.25,
PST-006776-G030,20698346,MNQ,MNQH6,CME,"01/08/2026 02:01:12.180-0500",SLD,1,25699.00,
PST-006776-G030,20698545,MNQ,MNQH6,CME,"01/08/2026 02:04:20.167-0500",BOT,2,25688.75,
PST-006776-G030,20698768,MNQ,MNQH6,CME,"01/08/2026 02:08:40.837-0500",BOT,1,25705.25,
PST-006776-G030,20698910,MNQ,MNQH6,CME,"01/08/2026 02:11:27.224-0500",BOT,1,25710.75,
PST-006776-G030,20698779,MNQ,MNQH6,CME,"01/08/2026 02:23:38.501-0500",SLD,1,25769.00,
PST-006776-G030,20698912,MNQ,MNQH6,CME,"01/08/2026 02:24:08.335-0500",SLD,1,25800.25,
PST-006776-G030,20788414,MNQ,MNQH6,CME,"01/08/2026 22:10:30.647-0500",BOT,1,25682.00,
PST-006776-G030,20788855,MNQ,MNQH6,CME,"01/08/2026 22:30:05.744-0500",SLD,1,25671.00,
PST-006776-G030,20788869,MNQ,MNQH6,CME,"01/08/2026 22:30:51.350-0500",BOT,1,25675.00,
PST-006776-G030,20788939,MNQ,MNQH6,CME,"01/08/2026 22:32:49.837-0500",BOT,1,25677.75,
PST-006776-G030,20789062,MNQ,MNQH6,CME,"01/08/2026 22:36:19.239-0500",BOT,1,25678.25,
PST-006776-G030,20789311,MNQ,MNQH6,CME,"01/08/2026 23:03:27.703-0500",SLD,1,25671.00,
PST-006776-G030,20789311,MNQ,MNQH6,CME,"01/08/2026 23:03:27.703-0500",SLD,2,25670.75,
PST-006776-G030,20789314,MNQ,MNQH6,CME,"01/08/2026 23:03:29.277-0500",SLD,1,25671.00,
PST-006776-G030,20789329,MNQ,MNQH6,CME,"01/08/2026 23:03:30.747-0500",SLD,1,25670.75,
PST-006776-G030,20789357,MNQ,MNQH6,CME,"01/08/2026 23:04:19.479-0500",SLD,1,25668.00,
PST-006776-G030,20789711,MNQ,MNQH6,CME,"01/08/2026 23:38:17.360-0500",BOT,2,25674.00,
PST-006776-G030,20789711,MNQ,MNQH6,CME,"01/08/2026 23:38:17.360-0500",BOT,1,25674.25,
PST-006776-G030,20789712,MNQ,MNQH6,CME,"01/08/2026 23:38:36.141-0500",BOT,1,25673.75,
PST-006776-G030,20789727,MNQ,MNQH6,CME,"01/08/2026 23:38:38.079-0500",BOT,1,25674.00,
PST-006776-G030,20789775,MNQ,MNQH6,CME,"01/08/2026 23:45:11.445-0500",BOT,1,25673.75,
PST-006776-G030,20789814,MNQ,MNQH6,CME,"01/08/2026 23:52:02.676-0500",BOT,1,25674.00,
PST-006776-G030,20790743,MNQ,MNQH6,CME,"01/09/2026 01:03:26.042-0500",SLD,1,25691.50,
PST-006776-G030,20790743,MNQ,MNQH6,CME,"01/09/2026 01:03:26.042-0500",SLD,3,25691.25,
PST-006776-G030,20790770,MNQ,MNQH6,CME,"01/09/2026 01:05:12.099-0500",BOT,1,25694.50,
PST-006776-G030,20790788,MNQ,MNQH6,CME,"01/09/2026 01:05:22.196-0500",SLD,1,25689.50,
PST-006776-G030,20791460,MNQ,MNQH6,CME,"01/09/2026 01:52:06.295-0500",SLD,1,25691.00,
PST-006776-G030,20791471,MNQ,MNQH6,CME,"01/09/2026 01:53:25.882-0500",SLD,1,25691.25,
PST-006776-G030,20791502,MNQ,MNQH6,CME,"01/09/2026 01:57:25.697-0500",BOT,2,25688.50,
PST-006776-G030,20791522,MNQ,MNQH6,CME,"01/09/2026 02:00:20.629-0500",SLD,1,25685.50,
PST-006776-G030,20791531,MNQ,MNQH6,CME,"01/09/2026 02:00:25.977-0500",SLD,1,25686.00,
PST-006776-G030,20791539,MNQ,MNQH6,CME,"01/09/2026 02:00:41.682-0500",SLD,1,25685.50,
PST-006776-G030,20791545,MNQ,MNQH6,CME,"01/09/2026 02:23:39.384-0500",BOT,1,25664.25,
PST-006776-G030,20792480,MNQ,MNQH6,CME,"01/09/2026 02:51:17.001-0500",SLD,1,25670.50,
PST-006776-G030,20792521,MNQ,MNQH6,CME,"01/09/2026 02:57:15.918-0500",BOT,3,25679.75,
PST-006776-G030,20792528,MNQ,MNQH6,CME,"01/09/2026 02:58:02.548-0500",SLD,2,25676.00,
PST-006776-G030,20792535,MNQ,MNQH6,CME,"01/09/2026 02:58:11.897-0500",SLD,1,25673.25,
PST-006776-G030,20792573,MNQ,MNQH6,CME,"01/09/2026 03:01:30.028-0500",BOT,3,25679.75,
PST-006776-G030,20792659,MNQ,MNQH6,CME,"01/09/2026 03:03:39.742-0500",SLD,1,25681.75,
PST-006776-G030,20792664,MNQ,MNQH6,CME,"01/09/2026 03:03:41.653-0500",SLD,1,25681.50,
PST-006776-G030,20792677,MNQ,MNQH6,CME,"01/09/2026 03:03:47.043-0500",SLD,1,25679.25,
PST-006776-G030,20792831,MNQ,MNQH6,CME,"01/09/2026 03:08:00.091-0500",BOT,3,25692.75,
PST-006776-G030,20794051,MNQ,MNQH6,CME,"01/09/2026 04:41:12.475-0500",SLD,2,25712.00,
PST-006776-G030,20794125,MNQ,MNQH6,CME,"01/09/2026 04:44:26.916-0500",SLD,2,25709.50,
PST-006776-G030,20794167,MNQ,MNQH6,CME,"01/09/2026 04:46:41.904-0500",BOT,2,25719.50,
PST-006776-G030,20794198,MNQ,MNQH6,CME,"01/09/2026 04:47:31.050-0500",BOT,2,25722.50,
PST-006776-G030,20794206,MNQ,MNQH6,CME,"01/09/2026 04:48:14.173-0500",BOT,1,25725.00,
PST-006776-G030,20794212,MNQ,MNQH6,CME,"01/09/2026 04:48:37.473-0500",SLD,1,25720.00,
PST-006776-G030,20794217,MNQ,MNQH6,CME,"01/09/2026 04:48:40.749-0500",SLD,1,25717.75,
PST-006776-G030,20794231,MNQ,MNQH6,CME,"01/09/2026 04:49:05.781-0500",SLD,1,25715.00,
PST-006776-G030,20794243,MNQ,MNQH6,CME,"01/09/2026 04:49:32.584-0500",SLD,1,25712.00,
PST-006776-G030,20794250,MNQ,MNQH6,CME,"01/09/2026 04:49:35.157-0500",SLD,1,25712.25,
PST-006776-G030,20794370,MNQ,MNQH6,CME,"01/09/2026 04:56:37.784-0500",BOT,1,25721.25,
PST-006776-G030,20794375,MNQ,MNQH6,CME,"01/09/2026 04:56:39.622-0500",BOT,1,25721.75,
PST-006776-G030,20794393,MNQ,MNQH6,CME,"01/09/2026 04:59:33.397-0500",BOT,1,25722.25,
PST-006776-G030,20794222,MNQ,MNQH6,CME,"01/09/2026 05:00:33.132-0500",BOT,1,25728.75,
PST-006776-G030,20794442,MNQ,MNQH6,CME,"01/09/2026 05:02:11.924-0500",SLD,1,25720.75,
PST-006776-G030,20794450,MNQ,MNQH6,CME,"01/09/2026 05:02:47.293-0500",BOT,1,25728.75,
PST-006776-G030,20794455,MNQ,MNQH6,CME,"01/09/2026 05:02:48.740-0500",BOT,1,25728.75,
PST-006776-G030,20794461,MNQ,MNQH6,CME,"01/09/2026 05:02:50.354-0500",BOT,1,25728.75,
PST-006776-G030,20794495,MNQ,MNQH6,CME,"01/09/2026 05:04:29.806-0500",SLD,2,25720.50,
PST-006776-G030,20794504,MNQ,MNQH6,CME,"01/09/2026 05:04:46.605-0500",SLD,1,25718.25,
PST-006776-G030,20794510,MNQ,MNQH6,CME,"01/09/2026 05:05:00.023-0500",SLD,1,25718.00,
PST-006776-G030,20794674,MNQ,MNQH6,CME,"01/09/2026 05:16:43.231-0500",BOT,1,25728.50,
PST-006776-G030,20794679,MNQ,MNQH6,CME,"01/09/2026 05:16:48.007-0500",BOT,1,25728.75,
PST-006776-G030,20794684,MNQ,MNQH6,CME,"01/09/2026 05:16:48.405-0500",BOT,1,25728.75,
PST-006776-G030,20794689,MNQ,MNQH6,CME,"01/09/2026 05:16:49.386-0500",BOT,1,25728.75,
PST-006776-G030,20794715,MNQ,MNQH6,CME,"01/09/2026 05:19:53.654-0500",SLD,1,25724.25,
PST-006776-G030,20794715,MNQ,MNQH6,CME,"01/09/2026 05:19:53.654-0500",SLD,1,25724.00,
PST-006776-G030,20794720,MNQ,MNQH6,CME,"01/09/2026 05:20:14.510-0500",BOT,1,25727.75,
PST-006776-G030,20794727,MNQ,MNQH6,CME,"01/09/2026 05:21:00.832-0500",BOT,1,25729.25,
PST-006776-G030,20794734,MNQ,MNQH6,CME,"01/09/2026 05:21:04.176-0500",BOT,1,25731.00,
PST-006776-G030,20794742,MNQ,MNQH6,CME,"01/09/2026 05:21:09.606-0500",BOT,1,25731.50,
PST-006776-G030,20794819,MNQ,MNQH6,CME,"01/09/2026 05:30:15.737-0500",SLD,4,25728.00,
PST-006776-G030,20794857,MNQ,MNQH6,CME,"01/09/2026 05:32:08.126-0500",SLD,1,25727.75,
PST-006776-G030,20794882,MNQ,MNQH6,CME,"01/09/2026 05:33:24.331-0500",BOT,1,25734.25,
PST-006776-G030,20794888,MNQ,MNQH6,CME,"01/09/2026 05:33:25.511-0500",BOT,1,25734.00,
PST-006776-G030,20794895,MNQ,MNQH6,CME,"01/09/2026 05:33:26.476-0500",BOT,1,25734.75,
PST-006776-G030,20794937,MNQ,MNQH6,CME,"01/09/2026 05:35:58.631-0500",SLD,2,25729.25,
PST-006776-G030,20794942,MNQ,MNQH6,CME,"01/09/2026 05:35:59.746-0500",SLD,1,25729.25,
PST-006776-G030,20794947,MNQ,MNQH6,CME,"01/09/2026 05:36:01.252-0500",SLD,1,25729.25,
PST-006776-G030,20794958,MNQ,MNQH6,CME,"01/09/2026 05:36:19.407-0500",SLD,1,25726.00,
PST-006776-G030,20794963,MNQ,MNQH6,CME,"01/09/2026 05:36:19.778-0500",SLD,1,25726.75,
PST-006776-G030,20794981,MNQ,MNQH6,CME,"01/09/2026 05:38:43.626-0500",BOT,1,25730.25,
PST-006776-G030,20794986,MNQ,MNQH6,CME,"01/09/2026 05:38:51.135-0500",BOT,1,25730.50,
PST-006776-G030,20795005,MNQ,MNQH6,CME,"01/09/2026 05:43:45.155-0500",SLD,1,25722.25,
PST-006776-G030,20795010,MNQ,MNQH6,CME,"01/09/2026 05:43:45.278-0500",SLD,1,25722.25,
PST-006776-G030,20795042,MNQ,MNQH6,CME,"01/09/2026 05:47:08.293-0500",BOT,4,25732.00,
PST-006776-G030,20795047,MNQ,MNQH6,CME,"01/09/2026 05:47:09.753-0500",BOT,1,25732.00,
PST-006776-G030,20795052,MNQ,MNQH6,CME,"01/09/2026 05:47:10.844-0500",BOT,1,25732.00,
PST-006776-G030,20795095,MNQ,MNQH6,CME,"01/09/2026 05:49:25.486-0500",BOT,1,25733.50,
PST-006776-G030,20795163,MNQ,MNQH6,CME,"01/09/2026 05:53:21.192-0500",SLD,3,25727.25,
PST-006776-G030,20795169,MNQ,MNQH6,CME,"01/09/2026 05:53:26.916-0500",BOT,1,25728.75,
PST-006776-G030,20795176,MNQ,MNQH6,CME,"01/09/2026 05:53:27.962-0500",BOT,1,25728.75,
PST-006776-G030,20795188,MNQ,MNQH6,CME,"01/09/2026 05:53:45.892-0500",BOT,1,25730.00,
PST-006776-G030,20795195,MNQ,MNQH6,CME,"01/09/2026 05:53:49.003-0500",BOT,1,25730.00,
PST-006776-G030,20795231,MNQ,MNQH6,CME,"01/09/2026 05:58:16.711-0500",SLD,1,25729.50,
PST-006776-G030,20795236,MNQ,MNQH6,CME,"01/09/2026 05:59:59.277-0500",SLD,5,25727.50,
PST-006776-G030,20795245,MNQ,MNQH6,CME,"01/09/2026 06:00:00.683-0500",SLD,5,25729.25,
PST-006776-G030,20795254,MNQ,MNQH6,CME,"01/09/2026 06:00:09.939-0500",BOT,5,25733.50,
PST-006776-G030,20795254,MNQ,MNQH6,CME,"01/09/2026 06:00:09.939-0500",BOT,5,25733.75,
PST-006776-G030,20795266,MNQ,MNQH6,CME,"01/09/2026 06:00:17.061-0500",SLD,1,25730.50,
PST-006776-G030,20795274,MNQ,MNQH6,CME,"01/09/2026 06:00:32.740-0500",SLD,1,25728.50,
PST-006776-G030,20795274,MNQ,MNQH6,CME,"01/09/2026 06:00:32.740-0500",SLD,2,25728.25,
PST-006776-G030,20795287,MNQ,MNQH6,CME,"01/09/2026 06:01:32.652-0500",SLD,1,25723.00,
PST-006776-G030,20795292,MNQ,MNQH6,CME,"01/09/2026 06:01:37.236-0500",SLD,1,25723.00,
PST-006776-G030,20795335,MNQ,MNQH6,CME,"01/09/2026 06:06:00.701-0500",BOT,1,25733.25,
PST-006776-G030,20795340,MNQ,MNQH6,CME,"01/09/2026 06:06:01.940-0500",BOT,1,25733.25,
PST-006776-G030,20795345,MNQ,MNQH6,CME,"01/09/2026 06:06:03.856-0500",BOT,1,25733.50,
PST-006776-G030,20795353,MNQ,MNQH6,CME,"01/09/2026 06:06:20.934-0500",BOT,1,25733.75,
PST-006776-G030,20795365,MNQ,MNQH6,CME,"01/09/2026 06:08:04.038-0500",SLD,1,25727.75,
PST-006776-G030,20795370,MNQ,MNQH6,CME,"01/09/2026 06:08:05.589-0500",SLD,1,25727.25,
PST-006776-G030,20795391,MNQ,MNQH6,CME,"01/09/2026 06:09:49.629-0500",SLD,1,25724.25,
PST-006776-G030,20795398,MNQ,MNQH6,CME,"01/09/2026 06:09:50.535-0500",SLD,1,25724.00,
PST-006776-G030,20795396,MNQ,MNQH6,CME,"01/09/2026 06:22:25.412-0500",BOT,1,25740.25,
PST-006776-G030,20795403,MNQ,MNQH6,CME,"01/09/2026 06:22:25.412-0500",BOT,1,25740.25,
PST-006776-G030,20795515,MNQ,MNQH6,CME,"01/09/2026 06:22:57.885-0500",BOT,3,25740.50,
PST-006776-G030,20795515,MNQ,MNQH6,CME,"01/09/2026 06:22:57.885-0500",BOT,2,25740.75,
PST-006776-G030,20795520,MNQ,MNQH6,CME,"01/09/2026 06:23:35.659-0500",SLD,2,25738.75,
PST-006776-G030,20795543,MNQ,MNQH6,CME,"01/09/2026 06:24:38.841-0500",BOT,2,25740.75,
PST-006776-G030,20795568,MNQ,MNQH6,CME,"01/09/2026 06:26:17.275-0500",BOT,2,25747.75,
PST-006776-G030,20795729,MNQ,MNQH6,CME,"01/09/2026 06:39:14.693-0500",BOT,2,25756.75,
PST-006776-G030,20795889,MNQ,MNQH6,CME,"01/09/2026 06:47:16.580-0500",SLD,1,25756.50,
PST-006776-G030,20795889,MNQ,MNQH6,CME,"01/09/2026 06:47:16.580-0500",SLD,1,25756.25,
PST-006776-G030,20795895,MNQ,MNQH6,CME,"01/09/2026 06:47:17.698-0500",SLD,2,25756.75,
PST-006776-G030,20795900,MNQ,MNQH6,CME,"01/09/2026 06:47:38.884-0500",SLD,2,25754.00,
PST-006776-G030,20795905,MNQ,MNQH6,CME,"01/09/2026 06:47:42.342-0500",SLD,1,25754.50,
PST-006776-G030,20795905,MNQ,MNQH6,CME,"01/09/2026 06:47:42.342-0500",SLD,1,25754.25,
PST-006776-G030,20795972,MNQ,MNQH6,CME,"01/09/2026 06:55:22.268-0500",SLD,2,25745.25,
PST-006776-G030,20796158,MNQ,MNQH6,CME,"01/09/2026 07:08:44.040-0500",SLD,2,25743.00,
PST-006776-G030,20796787,MNQ,MNQH6,CME,"01/09/2026 07:45:27.163-0500",BOT,1,25730.75,
PST-006776-G030,20796792,MNQ,MNQH6,CME,"01/09/2026 07:45:30.827-0500",BOT,1,25729.75,
PST-006776-G030,20796797,MNQ,MNQH6,CME,"01/09/2026 07:45:33.023-0500",BOT,1,25730.00,
PST-006776-G030,20796805,MNQ,MNQH6,CME,"01/09/2026 07:45:40.666-0500",BOT,1,25731.00,
PST-006776-G030,20796810,MNQ,MNQH6,CME,"01/09/2026 07:45:41.800-0500",BOT,1,25731.50,
PST-006776-G030,20796815,MNQ,MNQH6,CME,"01/09/2026 07:45:45.406-0500",BOT,1,25731.50,
PST-006776-G030,20797025,MNQ,MNQH6,CME,"01/09/2026 07:53:06.773-0500",SLD,1,25740.00,
PST-006776-G030,20797032,MNQ,MNQH6,CME,"01/09/2026 07:53:11.142-0500",SLD,1,25739.00,
PST-006776-G030,20797037,MNQ,MNQH6,CME,"01/09/2026 07:53:12.221-0500",SLD,1,25738.75,
PST-006776-G030,20797117,MNQ,MNQH6,CME,"01/09/2026 07:56:48.810-0500",BOT,5,25747.25,
PST-006776-G030,20797180,MNQ,MNQH6,CME,"01/09/2026 08:00:35.973-0500",SLD,1,25745.75,
PST-006776-G030,20797200,MNQ,MNQH6,CME,"01/09/2026 08:01:18.774-0500",BOT,1,25751.75,
PST-006776-G030,20797208,MNQ,MNQH6,CME,"01/09/2026 08:01:27.155-0500",BOT,1,25750.50,
PST-006776-G030,20797214,MNQ,MNQH6,CME,"01/09/2026 08:01:31.937-0500",BOT,1,25751.50,
PST-006776-G030,20797221,MNQ,MNQH6,CME,"01/09/2026 08:01:47.808-0500",SLD,2,25747.75,
PST-006776-G030,20797226,MNQ,MNQH6,CME,"01/09/2026 08:01:49.145-0500",SLD,1,25748.00,
PST-006776-G030,20797234,MNQ,MNQH6,CME,"01/09/2026 08:01:50.371-0500",SLD,1,25747.75,
PST-006776-G030,20797256,MNQ,MNQH6,CME,"01/09/2026 08:02:15.531-0500",SLD,1,25745.75,
PST-006776-G030,20797285,MNQ,MNQH6,CME,"01/09/2026 08:03:01.991-0500",SLD,1,25741.75,
PST-006776-G030,20797295,MNQ,MNQH6,CME,"01/09/2026 08:03:13.242-0500",SLD,1,25737.75,
PST-006776-G030,20797302,MNQ,MNQH6,CME,"01/09/2026 08:03:15.943-0500",SLD,1,25737.75,
PST-006776-G030,20797372,MNQ,MNQH6,CME,"01/09/2026 08:04:39.430-0500",BOT,1,25737.00,
PST-006776-G030,20797377,MNQ,MNQH6,CME,"01/09/2026 08:04:45.464-0500",BOT,1,25737.75,
PST-006776-G030,20797384,MNQ,MNQH6,CME,"01/09/2026 08:04:54.973-0500",BOT,1,25737.75,
PST-006776-G030,20797390,MNQ,MNQH6,CME,"01/09/2026 08:05:04.245-0500",BOT,1,25737.00,
PST-006776-G030,20797403,MNQ,MNQH6,CME,"01/09/2026 08:05:16.621-0500",SLD,1,25735.50,
PST-006776-G030,20797408,MNQ,MNQH6,CME,"01/09/2026 08:05:17.850-0500",SLD,1,25735.50,
PST-006776-G030,20797413,MNQ,MNQH6,CME,"01/09/2026 08:05:20.474-0500",SLD,1,25734.00,
PST-006776-G030,20797419,MNQ,MNQH6,CME,"01/09/2026 08:05:21.448-0500",SLD,1,25733.25,
PST-006776-G030,20797425,MNQ,MNQH6,CME,"01/09/2026 08:05:22.749-0500",SLD,1,25733.75,
PST-006776-G030,20797432,MNQ,MNQH6,CME,"01/09/2026 08:05:32.280-0500",SLD,1,25733.00,
PST-006776-G030,20797456,MNQ,MNQH6,CME,"01/09/2026 08:06:20.085-0500",BOT,3,25742.75,
PST-006776-G030,20797456,MNQ,MNQH6,CME,"01/09/2026 08:06:20.086-0500",BOT,5,25743.00,
PST-006776-G030,20797481,MNQ,MNQH6,CME,"01/09/2026 08:06:43.025-0500",SLD,1,25741.50,
PST-006776-G030,20797512,MNQ,MNQH6,CME,"01/09/2026 08:08:06.796-0500",SLD,1,25740.25,
PST-006776-G030,20797519,MNQ,MNQH6,CME,"01/09/2026 08:08:07.630-0500",SLD,1,25740.50,
PST-006776-G030,20797528,MNQ,MNQH6,CME,"01/09/2026 08:08:15.208-0500",SLD,1,25738.00,
PST-006776-G030,20797536,MNQ,MNQH6,CME,"01/09/2026 08:08:16.060-0500",SLD,1,25738.25,
PST-006776-G030,20797606,MNQ,MNQH6,CME,"01/09/2026 08:13:02.608-0500",BOT,1,25746.75,
PST-006776-G030,20797611,MNQ,MNQH6,CME,"01/09/2026 08:13:07.095-0500",BOT,1,25745.75,
PST-006776-G030,20797625,MNQ,MNQH6,CME,"01/09/2026 08:13:30.810-0500",SLD,1,25743.00,
PST-006776-G030,20797664,MNQ,MNQH6,CME,"01/09/2026 08:16:41.626-0500",SLD,1,25728.75,
PST-006776-G030,20797762,MNQ,MNQH6,CME,"01/09/2026 08:20:44.426-0500",BOT,5,25744.00,
PST-006776-G030,20802341,MNQ,MNQH6,CME,"01/09/2026 09:11:45.413-0500",SLD,1,25785.50,
PST-006776-G030,20802370,MNQ,MNQH6,CME,"01/09/2026 09:11:48.118-0500",SLD,1,25780.00,
PST-006776-G030,20803217,MNQ,MNQH6,CME,"01/09/2026 09:18:36.803-0500",SLD,1,25741.00,
PST-006776-G030,20808691,MNQ,MNQH6,CME,"01/09/2026 09:36:12.103-0500",BOT,1,25720.75,
PST-006776-G030,20809352,MNQ,MNQH6,CME,"01/09/2026 09:37:30.637-0500",BOT,2,25740.75,
PST-006776-G030,20810778,MNQ,MNQH6,CME,"01/09/2026 09:40:17.580-0500",SLD,1,25744.00,
PST-006776-G030,20811344,MNQ,MNQH6,CME,"01/09/2026 09:41:25.573-0500",BOT,1,25772.75,
PST-006776-G030,20811535,MNQ,MNQH6,CME,"01/09/2026 09:41:56.150-0500",SLD,1,25750.50,
PST-006776-G030,20811550,MNQ,MNQH6,CME,"01/09/2026 09:41:58.224-0500",SLD,1,25753.25,
PST-006776-G030,20811657,MNQ,MNQH6,CME,"01/09/2026 09:42:08.346-0500",BOT,2,25765.25,
PST-006776-G030,20811687,MNQ,MNQH6,CME,"01/09/2026 09:42:17.247-0500",SLD,1,25754.00,
PST-006776-G030,20811700,MNQ,MNQH6,CME,"01/09/2026 09:42:18.897-0500",SLD,1,25748.00,
PST-006776-G030,20811933,MNQ,MNQH6,CME,"01/09/2026 09:43:06.459-0500",BOT,1,25773.25,
PST-006776-G030,20812032,MNQ,MNQH6,CME,"01/09/2026 09:43:19.018-0500",BOT,1,25770.00,
PST-006776-G030,20812175,MNQ,MNQH6,CME,"01/09/2026 09:43:52.999-0500",SLD,1,25755.50,
PST-006776-G030,20812445,MNQ,MNQH6,CME,"01/09/2026 09:44:35.100-0500",SLD,1,25738.00,
PST-006776-G030,20814611,MNQ,MNQH6,CME,"01/09/2026 09:49:28.935-0500",BOT,1,25711.50,
PST-006776-G030,20815653,MNQ,MNQH6,CME,"01/09/2026 09:52:42.997-0500",SLD,1,25690.75,
PST-006776-G030,20812459,MNQ,MNQH6,CME,"01/09/2026 09:53:51.883-0500",BOT,1,25746.00,
PST-006776-G030,20816168,MNQ,MNQH6,CME,"01/09/2026 09:53:54.273-0500",BOT,1,25745.25,
PST-006776-G030,20816357,MNQ,MNQH6,CME,"01/09/2026 09:54:14.601-0500",SLD,1,25744.00,
PST-006776-G030,20816732,MNQ,MNQH6,CME,"01/09/2026 09:55:17.833-0500",SLD,1,25722.50,
PST-006776-G030,20817897,MNQ,MNQH6,CME,"01/09/2026 10:00:03.244-0500",BOT,1,25737.50,
PST-006776-G030,20818039,MNQ,MNQH6,CME,"01/09/2026 10:00:30.989-0500",BOT,1,25749.50,
PST-006776-G030,20818084,MNQ,MNQH6,CME,"01/09/2026 10:00:41.536-0500",SLD,1,25727.75,
PST-006776-G030,20818097,MNQ,MNQH6,CME,"01/09/2026 10:00:43.281-0500",SLD,1,25711.75,
PST-006776-G030,20818124,MNQ,MNQH6,CME,"01/09/2026 10:00:44.535-0500",SLD,1,25706.50,
PST-006776-G030,20818342,MNQ,MNQH6,CME,"01/09/2026 10:01:19.835-0500",BOT,2,25725.00,
PST-006776-G030,20818342,MNQ,MNQH6,CME,"01/09/2026 10:01:19.835-0500",BOT,1,25725.25,
PST-006776-G030,20873329,MNQ,MNQH6,CME,"01/11/2026 22:33:43.870-0500",BOT,1,25750.00,
PST-006776-G030,20873336,MNQ,MNQH6,CME,"01/11/2026 22:34:05.064-0500",BOT,1,25751.00,
PST-006776-G030,20873590,MNQ,MNQH6,CME,"01/11/2026 22:46:30.026-0500",SLD,1,25735.50,
PST-006776-G030,20873590,MNQ,MNQH6,CME,"01/11/2026 22:46:30.026-0500",SLD,1,25735.25,
PST-006776-G030,20873595,MNQ,MNQH6,CME,"01/11/2026 22:46:32.594-0500",SLD,1,25735.00,
PST-006776-G030,20873600,MNQ,MNQH6,CME,"01/11/2026 22:46:35.044-0500",SLD,1,25734.25,
PST-006776-G030,20873744,MNQ,MNQH6,CME,"01/12/2026 00:25:38.743-0500",BOT,1,25700.00,
PST-006776-G030,20876325,MNQ,MNQH6,CME,"01/12/2026 01:04:08.395-0500",BOT,1,25708.00,
PST-006776-G030,20876387,MNQ,MNQH6,CME,"01/12/2026 01:06:07.985-0500",BOT,1,25712.00,
PST-006776-G030,20876451,MNQ,MNQH6,CME,"01/12/2026 01:10:35.222-0500",BOT,1,25725.75,
PST-006776-G030,20876667,MNQ,MNQH6,CME,"01/12/2026 01:22:57.949-0500",SLD,1,25700.00,
PST-006776-G030,20876707,MNQ,MNQH6,CME,"01/12/2026 01:24:09.723-0500",BOT,1,25706.00,
PST-006776-G030,20876839,MNQ,MNQH6,CME,"01/12/2026 01:30:17.181-0500",BOT,1,25715.75,
PST-006776-G030,20878181,MNQ,MNQH6,CME,"01/12/2026 03:18:38.709-0500",SLD,1,25703.75,
PST-006776-G030,20878186,MNQ,MNQH6,CME,"01/12/2026 03:18:49.224-0500",SLD,1,25698.50,
PST-006776-G030,20878196,MNQ,MNQH6,CME,"01/12/2026 03:18:59.223-0500",SLD,1,25695.75,
PST-006776-G030,20878455,MNQ,MNQH6,CME,"01/12/2026 03:22:19.491-0500",BOT,1,25680.75,
PST-006776-G030,20878512,MNQ,MNQH6,CME,"01/12/2026 03:23:27.848-0500",BOT,1,25687.75,
PST-006776-G030,20878599,MNQ,MNQH6,CME,"01/12/2026 03:24:36.065-0500",SLD,1,25671.00,
PST-006776-G030,20878766,MNQ,MNQH6,CME,"01/12/2026 03:30:36.302-0500",SLD,1,25663.00,
PST-006776-G030,20879336,MNQ,MNQH6,CME,"01/12/2026 03:45:58.024-0500",BOT,1,25653.50,
PST-006776-G030,20879631,MNQ,MNQH6,CME,"01/12/2026 03:53:19.716-0500",BOT,1,25663.00,
PST-006776-G030,20879963,MNQ,MNQH6,CME,"01/12/2026 04:02:11.956-0500",BOT,1,25678.75,
PST-006776-G030,20882057,MNQ,MNQH6,CME,"01/12/2026 05:46:54.400-0500",SLD,1,25711.75,
PST-006776-G030,20882069,MNQ,MNQH6,CME,"01/12/2026 05:51:00.816-0500",SLD,1,25708.50,
PST-006776-G030,20882228,MNQ,MNQH6,CME,"01/12/2026 06:10:32.313-0500",BOT,1,25723.50,
PST-006776-G030,20882295,MNQ,MNQH6,CME,"01/12/2026 06:14:46.489-0500",SLD,2,25727.75,
PST-006776-G030,20955175,MNQ,MNQH6,CME,"01/12/2026 20:50:41.719-0500",BOT,2,25878.75,
PST-006776-G030,20961563,MNQ,MNQH6,CME,"01/13/2026 04:00:40.477-0500",BOT,1,25915.75,
PST-006776-G030,20955181,MNQ,MNQH6,CME,"01/13/2026 04:18:32.521-0500",SLD,1,25937.00,
PST-006776-G030,20962121,MNQ,MNQH6,CME,"01/13/2026 04:42:46.603-0500",SLD,2,25906.00,
PST-006776-G030,20962131,MNQ,MNQH6,CME,"01/13/2026 04:43:12.884-0500",SLD,1,25902.75,
PST-006776-G030,20962139,MNQ,MNQH6,CME,"01/13/2026 04:43:17.336-0500",SLD,1,25903.00,
PST-006776-G030,20962202,MNQ,MNQH6,CME,"01/13/2026 04:45:14.854-0500",BOT,1,25898.75,
PST-006776-G030,20962238,MNQ,MNQH6,CME,"01/13/2026 04:46:02.872-0500",BOT,1,25898.50,
PST-006776-G030,20962269,MNQ,MNQH6,CME,"01/13/2026 04:46:39.890-0500",BOT,2,25899.75,
PST-006776-G030,20962275,MNQ,MNQH6,CME,"01/13/2026 04:46:41.603-0500",BOT,2,25900.75,
PST-006776-G030,20962332,MNQ,MNQH6,CME,"01/13/2026 04:47:28.429-0500",SLD,1,25903.00,
PST-006776-G030,20962338,MNQ,MNQH6,CME,"01/13/2026 04:47:31.877-0500",SLD,1,25902.00,
PST-006776-G030,20962364,MNQ,MNQH6,CME,"01/13/2026 04:47:50.781-0500",BOT,1,25906.50,
PST-006776-G030,20962695,MNQ,MNQH6,CME,"01/13/2026 05:04:06.786-0500",SLD,1,25908.00,
PST-006776-G030,20962703,MNQ,MNQH6,CME,"01/13/2026 05:04:10.235-0500",SLD,1,25907.25,
PST-006776-G030,20962715,MNQ,MNQH6,CME,"01/13/2026 05:04:40.731-0500",SLD,1,25905.75,
PST-006776-G030,20962721,MNQ,MNQH6,CME,"01/13/2026 05:04:49.017-0500",SLD,1,25904.00,
PST-006776-G030,20962726,MNQ,MNQH6,CME,"01/13/2026 05:04:57.894-0500",SLD,1,25901.50,
PST-006776-G030,20962746,MNQ,MNQH6,CME,"01/13/2026 05:05:31.692-0500",BOT,1,25901.75,
PST-006776-G030,20962854,MNQ,MNQH6,CME,"01/13/2026 05:09:57.341-0500",SLD,1,25892.50,
PST-006776-G030,20963150,MNQ,MNQH6,CME,"01/13/2026 05:18:33.487-0500",BOT,2,25880.50,
PST-006776-G030,20963187,MNQ,MNQH6,CME,"01/13/2026 05:19:09.964-0500",SLD,1,25881.50,
PST-006776-G030,20963215,MNQ,MNQH6,CME,"01/13/2026 05:20:57.740-0500",BOT,1,25887.25,
PST-006776-G030,20963220,MNQ,MNQH6,CME,"01/13/2026 05:20:59.076-0500",BOT,1,25887.25,
PST-006776-G030,20963226,MNQ,MNQH6,CME,"01/13/2026 05:21:04.814-0500",BOT,1,25887.00,
PST-006776-G030,20963239,MNQ,MNQH6,CME,"01/13/2026 05:21:40.635-0500",SLD,1,25883.75,
PST-006776-G030,20963256,MNQ,MNQH6,CME,"01/13/2026 05:23:31.682-0500",SLD,1,25880.50,
PST-006776-G030,20963261,MNQ,MNQH6,CME,"01/13/2026 05:23:33.344-0500",SLD,1,25880.25,
PST-006776-G030,20963283,MNQ,MNQH6,CME,"01/13/2026 05:24:04.803-0500",BOT,1,25886.50,
PST-006776-G030,20963288,MNQ,MNQH6,CME,"01/13/2026 05:24:06.921-0500",BOT,1,25885.75,
PST-006776-G030,20963295,MNQ,MNQH6,CME,"01/13/2026 05:24:36.089-0500",BOT,1,25888.25,
PST-006776-G030,20963320,MNQ,MNQH6,CME,"01/13/2026 05:27:17.404-0500",SLD,2,25881.25,
PST-006776-G030,20963325,MNQ,MNQH6,CME,"01/13/2026 05:27:21.992-0500",SLD,1,25883.00,
PST-006776-G030,20963343,MNQ,MNQH6,CME,"01/13/2026 05:28:13.636-0500",SLD,1,25882.50,
PST-006776-G030,20963361,MNQ,MNQH6,CME,"01/13/2026 05:30:40.290-0500",BOT,2,25885.75,
PST-006776-G030,20963366,MNQ,MNQH6,CME,"01/13/2026 05:30:42.093-0500",BOT,1,25885.50,
PST-006776-G030,20963373,MNQ,MNQH6,CME,"01/13/2026 05:30:43.525-0500",BOT,1,25885.25,
PST-006776-G030,20963498,MNQ,MNQH6,CME,"01/13/2026 05:42:53.068-0500",SLD,2,25882.00,
PST-006776-G030,20963508,MNQ,MNQH6,CME,"01/13/2026 05:43:10.972-0500",BOT,1,25882.75,
PST-006776-G030,20963536,MNQ,MNQH6,CME,"01/13/2026 05:47:52.646-0500",BOT,1,25886.25,
PST-006776-G030,20963569,MNQ,MNQH6,CME,"01/13/2026 05:54:55.088-0500",SLD,1,25877.25,
PST-006776-G030,20963580,MNQ,MNQH6,CME,"01/13/2026 05:56:38.221-0500",BOT,1,25880.75,
PST-006776-G030,20963592,MNQ,MNQH6,CME,"01/13/2026 05:57:25.692-0500",SLD,2,25877.25,
PST-006776-G030,20963605,MNQ,MNQH6,CME,"01/13/2026 06:00:25.180-0500",BOT,1,25880.25,
PST-006776-G030,20963654,MNQ,MNQH6,CME,"01/13/2026 06:03:37.362-0500",BOT,1,25884.25,
PST-006776-G030,20963687,MNQ,MNQH6,CME,"01/13/2026 06:07:16.765-0500",BOT,1,25892.50,
PST-006776-G030,20963867,MNQ,MNQH6,CME,"01/13/2026 06:33:57.467-0500",SLD,2,25872.00,
PST-006776-G030,20963867,MNQ,MNQH6,CME,"01/13/2026 06:33:57.467-0500",SLD,1,25871.75,
PST-006776-G030,20963898,MNQ,MNQH6,CME,"01/13/2026 06:39:15.017-0500",BOT,1,25879.00,
PST-006776-G030,20963916,MNQ,MNQH6,CME,"01/13/2026 06:41:54.478-0500",BOT,1,25883.75,
PST-006776-G030,20963924,MNQ,MNQH6,CME,"01/13/2026 06:42:00.115-0500",BOT,1,25885.25,
PST-006776-G030,20963989,MNQ,MNQH6,CME,"01/13/2026 06:44:54.086-0500",SLD,3,25874.25,
PST-006776-G030,20963994,MNQ,MNQH6,CME,"01/13/2026 06:44:57.025-0500",SLD,1,25873.75,
PST-006776-G030,20964047,MNQ,MNQH6,CME,"01/13/2026 06:45:27.839-0500",BOT,1,25881.50,
PST-006776-G030,20964052,MNQ,MNQH6,CME,"01/13/2026 06:45:29.072-0500",BOT,1,25881.50,
PST-006776-G030,20964059,MNQ,MNQH6,CME,"01/13/2026 06:45:30.140-0500",BOT,1,25881.50,
PST-006776-G030,20964066,MNQ,MNQH6,CME,"01/13/2026 06:45:33.042-0500",BOT,1,25881.50,
PST-006776-G030,20964734,MNQ,MNQH6,CME,"01/13/2026 07:52:52.701-0500",SLD,1,25910.75,
PST-006776-G030,20964739,MNQ,MNQH6,CME,"01/13/2026 07:52:56.629-0500",SLD,1,25909.75,
PST-006776-G030,20964780,MNQ,MNQH6,CME,"01/13/2026 07:54:42.648-0500",SLD,1,25906.25,
PST-006776-G030,20964870,MNQ,MNQH6,CME,"01/13/2026 08:01:00.596-0500",BOT,1,25897.00,
PST-006776-G030,20964963,MNQ,MNQH6,CME,"01/13/2026 08:06:06.655-0500",SLD,1,25903.00,
PST-006776-G030,20965010,MNQ,MNQH6,CME,"01/13/2026 08:10:36.952-0500",BOT,1,25906.00,
PST-006776-G030,20965129,MNQ,MNQH6,CME,"01/13/2026 08:15:35.608-0500",SLD,1,25896.00,
PST-006776-G030,20965130,MNQ,MNQH6,CME,"01/13/2026 08:15:35.642-0500",SLD,1,25896.00,
PST-006776-G030,20965137,MNQ,MNQH6,CME,"01/13/2026 08:15:38.615-0500",SLD,1,25894.75,
PST-006776-G030,20965353,MNQ,MNQH6,CME,"01/13/2026 08:22:16.285-0500",BOT,1,25892.50,
PST-006776-G030,20965471,MNQ,MNQH6,CME,"01/13/2026 08:26:31.406-0500",BOT,1,25900.25,
PST-006776-G030,21038819,MNQ,MNQH6,CME,"01/13/2026 20:48:11.645-0500",SLD,1,25890.50,
PST-006776-G030,21039467,MNQ,MNQH6,CME,"01/13/2026 21:17:04.635-0500",BOT,1,25896.00,
PST-006776-G030,21039477,MNQ,MNQH6,CME,"01/13/2026 21:17:19.607-0500",SLD,1,25892.50,
PST-006776-G030,21039504,MNQ,MNQH6,CME,"01/13/2026 21:18:41.590-0500",SLD,1,25889.25,
PST-006776-G030,21039723,MNQ,MNQH6,CME,"01/13/2026 21:29:04.035-0500",BOT,1,25895.00,
PST-006776-G030,21039915,MNQ,MNQH6,CME,"01/13/2026 21:44:20.809-0500",SLD,1,25887.50,
PST-006776-G030,21040190,MNQ,MNQH6,CME,"01/13/2026 22:04:31.945-0500",BOT,2,25899.00,
PST-006776-G030,21040195,MNQ,MNQH6,CME,"01/13/2026 22:04:34.238-0500",BOT,1,25898.25,
PST-006776-G030,21040201,MNQ,MNQH6,CME,"01/13/2026 22:04:36.398-0500",BOT,1,25898.50,
PST-006776-G030,21041561,MNQ,MNQH6,CME,"01/13/2026 23:30:47.197-0500",SLD,2,25896.25,
PST-006776-G030,21041578,MNQ,MNQH6,CME,"01/13/2026 23:32:06.680-0500",SLD,1,25898.00,
PST-006776-G030,21041710,MNQ,MNQH6,CME,"01/13/2026 23:47:53.602-0500",SLD,2,25887.25,
PST-006776-G030,21041718,MNQ,MNQH6,CME,"01/13/2026 23:51:43.061-0500",BOT,1,25876.00,
PST-006776-G030,21042953,MNQ,MNQH6,CME,"01/14/2026 01:12:42.024-0500",BOT,2,25857.00,
PST-006776-G030,21044240,MNQ,MNQH6,CME,"01/14/2026 03:18:08.210-0500",BOT,1,25866.75,
PST-006776-G030,21044249,MNQ,MNQH6,CME,"01/14/2026 03:19:04.588-0500",SLD,1,25857.50,
PST-006776-G030,21044250,MNQ,MNQH6,CME,"01/14/2026 03:19:04.896-0500",SLD,1,25857.25,
PST-006776-G030,21044308,MNQ,MNQH6,CME,"01/14/2026 03:21:28.562-0500",BOT,1,25864.75,
PST-006776-G030,21044314,MNQ,MNQH6,CME,"01/14/2026 03:21:29.805-0500",BOT,1,25865.25,
PST-006776-G030,21044333,MNQ,MNQH6,CME,"01/14/2026 03:22:25.018-0500",SLD,1,25856.75,
PST-006776-G030,21044339,MNQ,MNQH6,CME,"01/14/2026 03:22:26.866-0500",SLD,1,25856.00,
PST-006776-G030,21044346,MNQ,MNQH6,CME,"01/14/2026 03:22:28.036-0500",SLD,1,25855.75,
PST-006776-G030,21044417,MNQ,MNQH6,CME,"01/14/2026 03:24:04.900-0500",BOT,2,25862.25,
PST-006776-G030,21044423,MNQ,MNQH6,CME,"01/14/2026 03:24:23.596-0500",BOT,1,25864.50,
PST-006776-G030,21044433,MNQ,MNQH6,CME,"01/14/2026 03:24:26.283-0500",BOT,1,25863.50,
PST-006776-G030,21044521,MNQ,MNQH6,CME,"01/14/2026 03:31:16.840-0500",SLD,2,25855.25,
PST-006776-G030,21044526,MNQ,MNQH6,CME,"01/14/2026 03:31:17.900-0500",SLD,1,25854.75,
PST-006776-G030,21044533,MNQ,MNQH6,CME,"01/14/2026 03:31:19.432-0500",SLD,1,25854.25,
PST-006776-G030,21044818,MNQ,MNQH6,CME,"01/14/2026 03:57:42.623-0500",BOT,2,25860.25,
PST-006776-G030,21044823,MNQ,MNQH6,CME,"01/14/2026 03:57:43.875-0500",BOT,1,25860.75,
PST-006776-G030,21044830,MNQ,MNQH6,CME,"01/14/2026 03:57:44.666-0500",BOT,1,25860.75,
PST-006776-G030,21044847,MNQ,MNQH6,CME,"01/14/2026 03:59:00.167-0500",SLD,1,25857.25,
PST-006776-G030,21044918,MNQ,MNQH6,CME,"01/14/2026 04:00:48.120-0500",BOT,1,25862.00,
PST-006776-G030,21045067,MNQ,MNQH6,CME,"01/14/2026 04:10:46.843-0500",BOT,1,25875.25,
PST-006776-G030,21045250,MNQ,MNQH6,CME,"01/14/2026 04:32:53.268-0500",SLD,1,25861.25,
PST-006776-G030,21045268,MNQ,MNQH6,CME,"01/14/2026 04:33:55.528-0500",SLD,2,25862.25,
PST-006776-G030,21045273,MNQ,MNQH6,CME,"01/14/2026 04:33:56.623-0500",SLD,1,25862.50,
PST-006776-G030,21045285,MNQ,MNQH6,CME,"01/14/2026 04:34:38.735-0500",SLD,1,25861.75,
PST-006776-G030,21045305,MNQ,MNQH6,CME,"01/14/2026 04:35:35.437-0500",BOT,1,25866.00,
PST-006776-G030,21045310,MNQ,MNQH6,CME,"01/14/2026 04:35:35.581-0500",BOT,2,25866.00,
PST-006776-G030,21045317,MNQ,MNQH6,CME,"01/14/2026 04:35:35.979-0500",BOT,1,25866.00,
PST-006776-G030,21045326,MNQ,MNQH6,CME,"01/14/2026 04:36:00.976-0500",BOT,1,25866.25,
PST-006776-G030,21045369,MNQ,MNQH6,CME,"01/14/2026 04:40:12.233-0500",SLD,1,25860.75,
PST-006776-G030,21045378,MNQ,MNQH6,CME,"01/14/2026 04:40:20.487-0500",SLD,1,25859.50,
PST-006776-G030,21045383,MNQ,MNQH6,CME,"01/14/2026 04:40:30.206-0500",SLD,1,25859.75,
PST-006776-G030,21045388,MNQ,MNQH6,CME,"01/14/2026 04:40:31.083-0500",SLD,1,25858.75,
PST-006776-G030,21045393,MNQ,MNQH6,CME,"01/14/2026 04:40:35.793-0500",SLD,1,25857.00,
PST-006776-G030,21045419,MNQ,MNQH6,CME,"01/14/2026 04:43:21.228-0500",SLD,1,25849.00,
PST-006776-G030,21045399,MNQ,MNQH6,CME,"01/14/2026 05:20:15.263-0500",BOT,1,25808.00,
PST-006776-G030,21045401,MNQ,MNQH6,CME,"01/14/2026 05:22:00.185-0500",BOT,1,25789.25,
PST-006776-G030,21046478,MNQ,MNQH6,CME,"01/14/2026 05:30:24.439-0500",BOT,1,25771.75,
PST-006776-G030,21117725,MNQ,MNQH6,CME,"01/14/2026 23:30:58.063-0500",SLD,1,25577.75,
PST-006776-G030,21117994,MNQ,MNQH6,CME,"01/15/2026 00:02:30.864-0500",BOT,1,25585.75,
PST-006776-G030,21118000,MNQ,MNQH6,CME,"01/15/2026 00:02:45.647-0500",BOT,2,25587.25,
PST-006776-G030,21118006,MNQ,MNQH6,CME,"01/15/2026 00:47:21.498-0500",SLD,1,25643.75,
PST-006776-G030,21119110,MNQ,MNQH6,CME,"01/15/2026 01:31:48.525-0500",SLD,1,25686.50,
PST-006776-G030,21122097,MNQ,MNQH6,CME,"01/15/2026 07:03:41.690-0500",SLD,1,25831.25,
PST-006776-G030,21122783,MNQ,MNQH6,CME,"01/15/2026 07:51:18.503-0500",BOT,1,25843.25,
PST-006776-G030,21122794,MNQ,MNQH6,CME,"01/15/2026 07:51:21.733-0500",BOT,1,25844.50,
PST-006776-G030,21122883,MNQ,MNQH6,CME,"01/15/2026 07:56:06.644-0500",SLD,1,25837.75,
PST-006776-G030,21122888,MNQ,MNQH6,CME,"01/15/2026 07:56:07.275-0500",SLD,1,25837.00,
PST-006776-G030,21122895,MNQ,MNQH6,CME,"01/15/2026 07:56:09.912-0500",SLD,1,25836.50,
PST-006776-G030,21122910,MNQ,MNQH6,CME,"01/15/2026 07:56:41.857-0500",BOT,1,25842.75,
PST-006776-G030,21122933,MNQ,MNQH6,CME,"01/15/2026 07:58:00.192-0500",BOT,1,25845.50,
PST-006776-G030,21122948,MNQ,MNQH6,CME,"01/15/2026 07:58:08.892-0500",BOT,1,25848.50,
PST-006776-G030,21122958,MNQ,MNQH6,CME,"01/15/2026 07:58:11.547-0500",BOT,1,25850.00,
PST-006776-G030,21123035,MNQ,MNQH6,CME,"01/15/2026 08:02:48.887-0500",SLD,2,25840.25,
PST-006776-G030,21123049,MNQ,MNQH6,CME,"01/15/2026 08:03:13.611-0500",BOT,1,25845.50,
PST-006776-G030,21123065,MNQ,MNQH6,CME,"01/15/2026 08:03:44.850-0500",SLD,1,25841.00,
PST-006776-G030,21123070,MNQ,MNQH6,CME,"01/15/2026 08:03:48.564-0500",SLD,1,25840.75,
PST-006776-G030,21123077,MNQ,MNQH6,CME,"01/15/2026 08:03:51.748-0500",SLD,1,25838.00,
PST-006776-G030,21123114,MNQ,MNQH6,CME,"01/15/2026 08:04:40.743-0500",BOT,2,25848.50,
PST-006776-G030,21123120,MNQ,MNQH6,CME,"01/15/2026 08:04:45.147-0500",BOT,1,25851.25,
PST-006776-G030,21123127,MNQ,MNQH6,CME,"01/15/2026 08:04:46.039-0500",BOT,1,25853.00,
PST-006776-G030,21123134,MNQ,MNQH6,CME,"01/15/2026 08:04:47.559-0500",BOT,1,25855.50,
PST-006776-G030,21123913,MNQ,MNQH6,CME,"01/15/2026 08:30:10.616-0500",SLD,1,25869.25,
PST-006776-G030,21123962,MNQ,MNQH6,CME,"01/15/2026 08:30:41.607-0500",SLD,1,25868.00,
PST-006776-G030,21123978,MNQ,MNQH6,CME,"01/15/2026 08:31:04.091-0500",SLD,1,25860.25,
PST-006776-G030,21124046,MNQ,MNQH6,CME,"01/15/2026 08:32:26.650-0500",BOT,1,25867.50,
PST-006776-G030,21125973,MNQ,MNQH6,CME,"01/15/2026 08:52:10.081-0500",SLD,1,25904.50,
PST-006776-G030,21182721,MNQ,MNQH6,CME,"01/15/2026 23:16:27.229-0500",BOT,1,25803.75,
PST-006776-G030,21182742,MNQ,MNQH6,CME,"01/15/2026 23:17:59.356-0500",BOT,1,25807.00,
PST-006776-G030,21183654,MNQ,MNQH6,CME,"01/16/2026 01:05:47.412-0500",SLD,2,25804.00,
PST-006776-G030,21183678,MNQ,MNQH6,CME,"01/16/2026 01:06:09.992-0500",BOT,1,25805.75,
PST-006776-G030,21183685,MNQ,MNQH6,CME,"01/16/2026 01:06:24.726-0500",SLD,1,25805.00,
PST-006776-G030,21183690,MNQ,MNQH6,CME,"01/16/2026 01:06:59.878-0500",BOT,1,25805.50,
PST-006776-G030,21183697,MNQ,MNQH6,CME,"01/16/2026 01:07:02.067-0500",BOT,1,25805.50,
PST-006776-G030,21183721,MNQ,MNQH6,CME,"01/16/2026 01:09:24.576-0500",BOT,1,25812.25,
PST-006776-G030,21185029,MNQ,MNQH6,CME,"01/16/2026 03:21:42.352-0500",SLD,1,25823.25,
PST-006776-G030,21185034,MNQ,MNQH6,CME,"01/16/2026 03:21:47.038-0500",SLD,1,25822.25,
PST-006776-G030,21185039,MNQ,MNQH6,CME,"01/16/2026 03:21:51.126-0500",SLD,1,25821.00,
PST-006776-G030,21185054,MNQ,MNQH6,CME,"01/16/2026 03:22:37.000-0500",SLD,1,25816.50,
PST-006776-G030,21185152,MNQ,MNQH6,CME,"01/16/2026 03:25:51.121-0500",BOT,1,25820.00,
PST-006776-G030,21185181,MNQ,MNQH6,CME,"01/16/2026 03:26:24.066-0500",BOT,1,25820.75,
PST-006776-G030,21185188,MNQ,MNQH6,CME,"01/16/2026 03:26:24.749-0500",BOT,1,25820.50,
PST-006776-G030,21185255,MNQ,MNQH6,CME,"01/16/2026 03:28:29.577-0500",SLD,2,25816.25,
PST-006776-G030,21185261,MNQ,MNQH6,CME,"01/16/2026 03:28:31.961-0500",SLD,1,25817.25,
PST-006776-G030,21185279,MNQ,MNQH6,CME,"01/16/2026 03:29:30.893-0500",BOT,1,25821.50,
PST-006776-G030,21185285,MNQ,MNQH6,CME,"01/16/2026 03:29:36.020-0500",BOT,1,25819.50,
PST-006776-G030,21185392,MNQ,MNQH6,CME,"01/16/2026 03:33:50.182-0500",SLD,1,25815.00,
PST-006776-G030,21185403,MNQ,MNQH6,CME,"01/16/2026 03:34:11.233-0500",SLD,1,25814.50,
PST-006776-G030,21185410,MNQ,MNQH6,CME,"01/16/2026 03:34:13.719-0500",SLD,1,25813.25,
PST-006776-G030,21185521,MNQ,MNQH6,CME,"01/16/2026 03:41:05.550-0500",SLD,1,25800.75,
PST-006776-G030,21185538,MNQ,MNQH6,CME,"01/16/2026 03:43:47.806-0500",BOT,3,25811.25,
PST-006776-G030,21185546,MNQ,MNQH6,CME,"01/16/2026 03:44:07.253-0500",SLD,1,25810.00,
PST-006776-G030,21185576,MNQ,MNQH6,CME,"01/16/2026 03:45:54.167-0500",SLD,1,25808.00,
PST-006776-G030,21185587,MNQ,MNQH6,CME,"01/16/2026 03:46:59.735-0500",BOT,2,25814.25,
PST-006776-G030,21185599,MNQ,MNQH6,CME,"01/16/2026 03:47:35.618-0500",BOT,1,25818.00,
PST-006776-G030,21185604,MNQ,MNQH6,CME,"01/16/2026 03:47:36.652-0500",BOT,1,25818.00,
PST-006776-G030,21185617,MNQ,MNQH6,CME,"01/16/2026 03:47:37.990-0500",BOT,1,25817.50,
PST-006776-G030,21185828,MNQ,MNQH6,CME,"01/16/2026 03:58:45.406-0500",SLD,3,25813.25,
PST-006776-G030,21185843,MNQ,MNQH6,CME,"01/16/2026 03:59:50.513-0500",BOT,1,25819.25,
PST-006776-G030,21185850,MNQ,MNQH6,CME,"01/16/2026 03:59:51.517-0500",BOT,1,25818.75,
PST-006776-G030,21185861,MNQ,MNQH6,CME,"01/16/2026 04:00:29.410-0500",BOT,1,25821.50,
PST-006776-G030,21186104,MNQ,MNQH6,CME,"01/16/2026 04:20:36.895-0500",SLD,1,25818.50,
PST-006776-G030,21186104,MNQ,MNQH6,CME,"01/16/2026 04:20:36.895-0500",SLD,2,25818.25,
PST-006776-G030,21186109,MNQ,MNQH6,CME,"01/16/2026 04:20:43.041-0500",SLD,1,25815.25,
PST-006776-G030,21186116,MNQ,MNQH6,CME,"01/16/2026 04:20:47.649-0500",SLD,1,25814.25,
PST-006776-G030,21186123,MNQ,MNQH6,CME,"01/16/2026 04:20:49.812-0500",SLD,1,25814.25,
PST-006776-G030,21186154,MNQ,MNQH6,CME,"01/16/2026 04:21:30.030-0500",BOT,3,25820.00,
PST-006776-G030,21186164,MNQ,MNQH6,CME,"01/16/2026 04:21:32.881-0500",BOT,1,25820.25,
PST-006776-G030,21186173,MNQ,MNQH6,CME,"01/16/2026 04:21:38.455-0500",BOT,1,25822.25,
PST-006776-G030,21186178,MNQ,MNQH6,CME,"01/16/2026 04:21:39.802-0500",BOT,1,25822.25,
PST-006776-G030,21186549,MNQ,MNQH6,CME,"01/16/2026 04:46:46.624-0500",SLD,3,25823.25,
PST-006776-G030,21186557,MNQ,MNQH6,CME,"01/16/2026 04:47:42.638-0500",BOT,1,25826.50,
PST-006776-G030,21186564,MNQ,MNQH6,CME,"01/16/2026 04:47:43.711-0500",BOT,1,25826.50,
PST-006776-G030,21186583,MNQ,MNQH6,CME,"01/16/2026 04:50:00.504-0500",BOT,1,25832.00,
PST-006776-G030,21186595,MNQ,MNQH6,CME,"01/16/2026 04:52:38.173-0500",SLD,1,25821.75,
PST-006776-G030,21186600,MNQ,MNQH6,CME,"01/16/2026 04:52:42.721-0500",SLD,1,25822.75,
PST-006776-G030,21186615,MNQ,MNQH6,CME,"01/16/2026 04:57:00.456-0500",SLD,1,25819.50,
PST-006776-G030,21186649,MNQ,MNQH6,CME,"01/16/2026 04:57:54.786-0500",SLD,1,25815.00,
PST-006776-G030,21186713,MNQ,MNQH6,CME,"01/16/2026 05:08:40.950-0500",SLD,1,25812.00,
PST-006776-G030,21186729,MNQ,MNQH6,CME,"01/16/2026 05:10:14.443-0500",BOT,1,25822.00,
PST-006776-G030,21186734,MNQ,MNQH6,CME,"01/16/2026 05:10:23.761-0500",BOT,1,25825.50,
PST-006776-G030,21186739,MNQ,MNQH6,CME,"01/16/2026 05:10:30.809-0500",BOT,1,25827.00,
PST-006776-G030,21186744,MNQ,MNQH6,CME,"01/16/2026 05:10:33.117-0500",BOT,1,25828.00,
PST-006776-G030,21186981,MNQ,MNQH6,CME,"01/16/2026 05:40:54.540-0500",BOT,1,25853.75,
PST-006776-G030,21187837,MNQ,MNQH6,CME,"01/16/2026 06:45:58.843-0500",SLD,3,25842.75,
PST-006776-G030,21187852,MNQ,MNQH6,CME,"01/16/2026 06:46:26.899-0500",BOT,1,25847.75,
PST-006776-G030,21187885,MNQ,MNQH6,CME,"01/16/2026 06:47:27.631-0500",SLD,1,25839.75,
PST-006776-G030,21187950,MNQ,MNQH6,CME,"01/16/2026 06:49:38.770-0500",BOT,1,25840.50,
PST-006776-G030,21188044,MNQ,MNQH6,CME,"01/16/2026 06:52:59.211-0500",BOT,1,25843.75,
PST-006776-G030,21188063,MNQ,MNQH6,CME,"01/16/2026 06:54:06.101-0500",SLD,2,25837.25,
PST-006776-G030,21188073,MNQ,MNQH6,CME,"01/16/2026 06:54:12.748-0500",BOT,1,25841.25,
PST-006776-G030,21188125,MNQ,MNQH6,CME,"01/16/2026 06:55:33.945-0500",SLD,1,25832.50,
PST-006776-G030,21188170,MNQ,MNQH6,CME,"01/16/2026 06:56:11.903-0500",BOT,1,25838.00,
PST-006776-G030,21188260,MNQ,MNQH6,CME,"01/16/2026 06:58:05.627-0500",SLD,1,25834.50,
PST-006776-G030,21188279,MNQ,MNQH6,CME,"01/16/2026 06:59:13.484-0500",BOT,1,25835.75,
PST-006776-G030,21188286,MNQ,MNQH6,CME,"01/16/2026 06:59:14.842-0500",BOT,1,25835.25,
PST-006776-G030,21188300,MNQ,MNQH6,CME,"01/16/2026 07:00:04.733-0500",SLD,2,25824.00,
PST-006776-G030,21188309,MNQ,MNQH6,CME,"01/16/2026 07:00:13.489-0500",SLD,1,25828.50,
PST-006776-G030,21188317,MNQ,MNQH6,CME,"01/16/2026 07:00:16.245-0500",SLD,1,25832.25,
PST-006776-G030,21188345,MNQ,MNQH6,CME,"01/16/2026 07:01:29.058-0500",BOT,1,25833.50,
PST-006776-G030,21188350,MNQ,MNQH6,CME,"01/16/2026 07:01:48.975-0500",BOT,1,25837.25,
PST-006776-G030,21188373,MNQ,MNQH6,CME,"01/16/2026 07:02:32.272-0500",BOT,1,25837.75,
PST-006776-G030,21188378,MNQ,MNQH6,CME,"01/16/2026 07:02:33.404-0500",BOT,1,25838.75,
PST-006776-G030,21188383,MNQ,MNQH6,CME,"01/16/2026 07:02:34.493-0500",BOT,1,25837.25,
PST-006776-G030,21188613,MNQ,MNQH6,CME,"01/16/2026 07:22:42.298-0500",SLD,3,25829.00,
PST-006776-G030,21188620,MNQ,MNQH6,CME,"01/16/2026 07:22:43.787-0500",SLD,1,25827.00,
PST-006776-G030,21188627,MNQ,MNQH6,CME,"01/16/2026 07:22:44.764-0500",SLD,1,25827.50,
PST-006776-G030,21188646,MNQ,MNQH6,CME,"01/16/2026 07:23:16.848-0500",SLD,1,25824.50,
PST-006776-G030,21188769,MNQ,MNQH6,CME,"01/16/2026 07:27:23.506-0500",BOT,1,25832.00,
PST-006776-G030,21188838,MNQ,MNQH6,CME,"01/16/2026 07:32:29.962-0500",SLD,1,25824.25,
PST-006776-G030,21188844,MNQ,MNQH6,CME,"01/16/2026 07:32:31.734-0500",SLD,1,25823.00,
PST-006776-G030,21188941,MNQ,MNQH6,CME,"01/16/2026 07:38:08.634-0500",BOT,1,25835.25,
PST-006776-G030,21188951,MNQ,MNQH6,CME,"01/16/2026 07:38:39.797-0500",BOT,3,25836.50,
PST-006776-G030,21188971,MNQ,MNQH6,CME,"01/16/2026 07:38:58.586-0500",BOT,1,25838.25,
PST-006776-G030,21189012,MNQ,MNQH6,CME,"01/16/2026 07:41:34.972-0500",BOT,1,25843.00,
PST-006776-G030,21189190,MNQ,MNQH6,CME,"01/16/2026 07:49:24.359-0500",SLD,2,25831.75,
PST-006776-G030,21189196,MNQ,MNQH6,CME,"01/16/2026 07:49:30.676-0500",SLD,1,25831.25,
PST-006776-G030,21189226,MNQ,MNQH6,CME,"01/16/2026 07:50:14.327-0500",BOT,1,25835.50,
PST-006776-G030,21189232,MNQ,MNQH6,CME,"01/16/2026 07:50:22.436-0500",SLD,1,25832.75,
PST-006776-G030,21189245,MNQ,MNQH6,CME,"01/16/2026 07:50:43.856-0500",SLD,1,25830.00,
PST-006776-G030,21189778,MNQ,MNQH6,CME,"01/16/2026 08:02:05.304-0500",BOT,2,25832.25,
PST-006776-G030,21189786,MNQ,MNQH6,CME,"01/16/2026 08:02:52.097-0500",SLD,1,25825.25,
PST-006776-G030,21189834,MNQ,MNQH6,CME,"01/16/2026 08:05:05.683-0500",BOT,1,25831.50,
PST-006776-G030,21189937,MNQ,MNQH6,CME,"01/16/2026 08:09:49.322-0500",SLD,1,25815.25,
PST-006776-G030,21191332,MNQ,MNQH6,CME,"01/16/2026 08:48:22.503-0500",BOT,1,25835.25,
PST-006776-G030,21191494,MNQ,MNQH6,CME,"01/16/2026 08:56:29.481-0500",SLD,1,25827.00,
PST-006776-G030,21191582,MNQ,MNQH6,CME,"01/16/2026 09:00:53.200-0500",BOT,1,25833.00,
PST-006776-G030,21191587,MNQ,MNQH6,CME,"01/16/2026 09:00:54.371-0500",BOT,1,25834.00,
PST-006776-G030,21191614,MNQ,MNQH6,CME,"01/16/2026 09:01:40.105-0500",SLD,1,25825.25,
PST-006776-G030,21191650,MNQ,MNQH6,CME,"01/16/2026 09:02:57.368-0500",SLD,1,25827.25,
PST-006776-G030,21191715,MNQ,MNQH6,CME,"01/16/2026 09:04:32.239-0500",BOT,1,25832.25,
PST-006776-G030,21191740,MNQ,MNQH6,CME,"01/16/2026 09:05:39.691-0500",BOT,1,25836.50,
PST-006776-G030,21192121,MNQ,MNQH6,CME,"01/16/2026 09:17:02.796-0500",SLD,1,25841.25,
PST-006776-G030,21192499,MNQ,MNQH6,CME,"01/16/2026 09:25:04.013-0500",SLD,1,25839.00,
PST-006776-G030,21192566,MNQ,MNQH6,CME,"01/16/2026 09:25:28.163-0500",BOT,1,25837.25,
PST-006776-G030,21264115,MNQ,MNQH6,CME,"01/19/2026 20:47:45.089-0500",BOT,1,25431.50,
PST-006776-G030,21264120,MNQ,MNQH6,CME,"01/19/2026 21:20:58.556-0500",SLD,1,25399.00,
PST-006776-G030,21264426,MNQ,MNQH6,CME,"01/19/2026 21:21:01.497-0500",SLD,1,25399.50,
PST-006776-G030,21264469,MNQ,MNQH6,CME,"01/19/2026 21:27:40.718-0500",BOT,1,25401.00,
PST-006776-G030,21264478,MNQ,MNQH6,CME,"01/19/2026 21:27:43.246-0500",BOT,1,25401.25,
PST-006776-G030,21264528,MNQ,MNQH6,CME,"01/19/2026 21:30:10.487-0500",BOT,1,25416.00,
PST-006776-G030,21264483,MNQ,MNQH6,CME,"01/19/2026 23:52:53.777-0500",SLD,1,25388.00,
PST-006776-G030,21264533,MNQ,MNQH6,CME,"01/19/2026 23:52:53.777-0500",SLD,1,25388.00,
PST-006776-G030,21265537,MNQ,MNQH6,CME,"01/20/2026 00:23:34.852-0500",BOT,2,25390.75,
PST-006776-G030,21265544,MNQ,MNQH6,CME,"01/20/2026 01:07:42.401-0500",SLD,1,25365.50,
PST-006776-G030,21265542,MNQ,MNQH6,CME,"01/20/2026 01:07:42.401-0500",SLD,1,25365.50,
PST-006776-G030,21265772,MNQ,MNQH6,CME,"01/20/2026 01:08:04.737-0500",SLD,1,25364.75,
PST-006776-G030,21265823,MNQ,MNQH6,CME,"01/20/2026 01:15:56.984-0500",SLD,2,25335.50,
PST-006776-G030,21265882,MNQ,MNQH6,CME,"01/20/2026 01:20:26.810-0500",BOT,1,25329.25,
PST-006776-G030,21265887,MNQ,MNQH6,CME,"01/20/2026 01:20:39.332-0500",BOT,1,25328.75,
PST-006776-G030,21266386,MNQ,MNQH6,CME,"01/20/2026 01:52:07.086-0500",BOT,1,25292.75,
PST-006776-G030,21266462,MNQ,MNQH6,CME,"01/20/2026 01:55:35.895-0500",BOT,1,25297.50,
PST-006776-G030,21266664,MNQ,MNQH6,CME,"01/20/2026 02:05:09.874-0500",SLD,1,25300.50,
PST-006776-G030,21266692,MNQ,MNQH6,CME,"01/20/2026 02:05:46.178-0500",BOT,1,25300.75,
PST-006776-G030,21266754,MNQ,MNQH6,CME,"01/20/2026 02:07:31.984-0500",SLD,1,25291.25,
PST-006776-G030,21266771,MNQ,MNQH6,CME,"01/20/2026 02:07:33.813-0500",SLD,1,25290.25,
PST-006776-G030,21266797,MNQ,MNQH6,CME,"01/20/2026 02:08:14.543-0500",BOT,1,25299.50,
PST-006776-G030,21266802,MNQ,MNQH6,CME,"01/20/2026 02:08:15.527-0500",BOT,1,25299.25,
PST-006776-G030,21266807,MNQ,MNQH6,CME,"01/20/2026 02:20:42.571-0500",SLD,1,25257.00,
PST-006776-G030,21266988,MNQ,MNQH6,CME,"01/20/2026 02:25:28.710-0500",BOT,2,25289.25,
PST-006776-G030,21267154,MNQ,MNQH6,CME,"01/20/2026 02:46:42.985-0500",SLD,1,25259.00,
PST-006776-G030,21267154,MNQ,MNQH6,CME,"01/20/2026 02:46:42.985-0500",SLD,1,25258.75,
PST-006776-G030,21267166,MNQ,MNQH6,CME,"01/20/2026 02:47:06.005-0500",BOT,2,25268.75,
PST-006776-G030,21267187,MNQ,MNQH6,CME,"01/20/2026 02:47:43.573-0500",BOT,1,25273.25,
PST-006776-G030,21267195,MNQ,MNQH6,CME,"01/20/2026 02:48:23.833-0500",SLD,1,25266.50,
PST-006776-G030,21267212,MNQ,MNQH6,CME,"01/20/2026 02:49:14.620-0500",BOT,1,25277.75,
PST-006776-G030,21267371,MNQ,MNQH6,CME,"01/20/2026 03:01:25.138-0500",SLD,2,25269.50,
PST-006776-G030,21267371,MNQ,MNQH6,CME,"01/20/2026 03:01:25.138-0500",SLD,1,25269.25,
PST-006776-G030,21267382,MNQ,MNQH6,CME,"01/20/2026 03:01:42.381-0500",BOT,1,25280.00,
PST-006776-G030,21267387,MNQ,MNQH6,CME,"01/20/2026 03:01:42.515-0500",BOT,1,25280.25,
PST-006776-G030,21267396,MNQ,MNQH6,CME,"01/20/2026 03:02:01.035-0500",BOT,1,25274.75,
PST-006776-G030,21267415,MNQ,MNQH6,CME,"01/20/2026 03:02:21.243-0500",SLD,1,25264.50,
PST-006776-G030,21267423,MNQ,MNQH6,CME,"01/20/2026 03:02:29.147-0500",SLD,2,25262.50,
PST-006776-G030,21267470,MNQ,MNQH6,CME,"01/20/2026 03:04:02.386-0500",BOT,1,25262.25,
PST-006776-G030,21267475,MNQ,MNQH6,CME,"01/20/2026 03:04:03.475-0500",BOT,1,25263.25,
PST-006776-G030,21267481,MNQ,MNQH6,CME,"01/20/2026 03:04:14.805-0500",SLD,2,25252.75,
PST-006776-G030,21267498,MNQ,MNQH6,CME,"01/20/2026 03:05:11.283-0500",SLD,1,25244.50,
PST-006776-G030,21267618,MNQ,MNQH6,CME,"01/20/2026 03:09:03.082-0500",BOT,1,25257.50,
PST-006776-G030,21267623,MNQ,MNQH6,CME,"01/20/2026 03:09:04.943-0500",BOT,1,25258.75,
PST-006776-G030,21267646,MNQ,MNQH6,CME,"01/20/2026 03:09:31.792-0500",BOT,1,25264.75,
PST-006776-G030,21267676,MNQ,MNQH6,CME,"01/20/2026 03:12:37.782-0500",BOT,1,25277.25,
PST-006776-G030,21267710,MNQ,MNQH6,CME,"01/20/2026 03:16:03.340-0500",SLD,1,25250.50,
PST-006776-G030,21267728,MNQ,MNQH6,CME,"01/20/2026 03:16:34.790-0500",SLD,1,25239.00,
PST-006776-G030,21267772,MNQ,MNQH6,CME,"01/20/2026 03:19:36.181-0500",SLD,1,25231.25,
PST-006776-G030,21267857,MNQ,MNQH6,CME,"01/20/2026 03:23:36.836-0500",BOT,1,25252.75,
PST-006776-G030,21267925,MNQ,MNQH6,CME,"01/20/2026 03:27:28.373-0500",SLD,1,25234.25,
PST-006776-G030,21268502,MNQ,MNQH6,CME,"01/20/2026 03:49:43.103-0500",BOT,1,25219.50,
PST-006776-G030,21268641,MNQ,MNQH6,CME,"01/20/2026 04:02:37.843-0500",SLD,1,25194.75,
PST-006776-G030,21269315,MNQ,MNQH6,CME,"01/20/2026 04:59:36.532-0500",BOT,1,25137.75,
PST-006776-G030,21269658,MNQ,MNQH6,CME,"01/20/2026 05:26:20.904-0500",BOT,1,25189.50,
PST-006776-G030,21269852,MNQ,MNQH6,CME,"01/20/2026 05:35:49.050-0500",SLD,1,25175.25,
PST-006776-G030,21269852,MNQ,MNQH6,CME,"01/20/2026 05:35:49.050-0500",SLD,1,25175.00,
PST-006776-G030,21269874,MNQ,MNQH6,CME,"01/20/2026 05:38:55.184-0500",BOT,1,25182.00,
PST-006776-G030,21270079,MNQ,MNQH6,CME,"01/20/2026 06:01:28.405-0500",BOT,1,25201.25,
PST-006776-G030,21271012,MNQ,MNQH6,CME,"01/20/2026 07:17:34.725-0500",SLD,1,25237.25,
PST-006776-G030,21271652,MNQ,MNQH6,CME,"01/20/2026 08:04:38.590-0500",SLD,1,25247.25,
PST-006776-G030,21271786,MNQ,MNQH6,CME,"01/20/2026 08:10:47.421-0500",BOT,1,25251.75,
PST-006776-G030,21271851,MNQ,MNQH6,CME,"01/20/2026 08:13:28.627-0500",SLD,1,25234.25,
PST-006776-G030,21271856,MNQ,MNQH6,CME,"01/20/2026 08:13:37.942-0500",SLD,1,25231.50,
PST-006776-G030,21271911,MNQ,MNQH6,CME,"01/20/2026 08:16:23.889-0500",BOT,1,25244.50,
PST-006776-G030,21271915,MNQ,MNQH6,CME,"01/20/2026 08:16:28.487-0500",BOT,1,25243.00,
PST-006776-G030,21271918,MNQ,MNQH6,CME,"01/20/2026 08:33:39.714-0500",SLD,1,25217.50,
PST-006776-G030,21272330,MNQ,MNQH6,CME,"01/20/2026 08:33:47.148-0500",SLD,1,25232.75,
PST-006776-G030,21272532,MNQ,MNQH6,CME,"01/20/2026 08:35:47.437-0500",BOT,1,25198.25,
PST-006776-G030,21273006,MNQ,MNQH6,CME,"01/20/2026 08:47:21.244-0500",BOT,1,25226.25,
PST-006776-G030,21274090,MNQ,MNQH6,CME,"01/20/2026 09:17:54.168-0500",SLD,1,25227.75,
PST-006776-G030,21278201,MNQ,MNQH6,CME,"01/20/2026 09:42:42.930-0500",BOT,1,25302.25,
PST-006776-G030,21278207,MNQ,MNQH6,CME,"01/20/2026 09:42:44.029-0500",SLD,1,25299.50,
PST-006776-G030,21319055,MNQ,MNQH6,CME,"01/20/2026 21:52:26.486-0500",BOT,1,25186.75,
PST-006776-G030,21319058,MNQ,MNQH6,CME,"01/20/2026 21:52:27.594-0500",SLD,1,25186.50,
PST-006776-G030,21319098,MNQ,MNQH6,CME,"01/20/2026 21:56:31.066-0500",BOT,1,25187.25,
PST-006776-G030,21319101,MNQ,MNQH6,CME,"01/20/2026 21:56:32.170-0500",SLD,1,25187.00,
PST-006776-G030,21323094,MNQ,MNQH6,CME,"01/21/2026 05:59:21.447-0500",SLD,1,25154.00,
PST-006776-G030,21323096,MNQ,MNQH6,CME,"01/21/2026 06:00:41.907-0500",BOT,1,25143.25,
PST-006776-G030,21324386,MNQ,MNQH6,CME,"01/21/2026 07:31:33.263-0500",BOT,1,25054.50,
PST-006776-G030,21324392,MNQ,MNQH6,CME,"01/21/2026 07:32:06.034-0500",SLD,1,25053.50,
PST-006776-G030,21324399,MNQ,MNQH6,CME,"01/21/2026 07:32:34.314-0500",BOT,1,25062.50,
PST-006776-G030,21324415,MNQ,MNQH6,CME,"01/21/2026 07:34:26.127-0500",SLD,1,25070.00,
PST-006776-G030,21325057,MNQ,MNQH6,CME,"01/21/2026 08:09:57.752-0500",BOT,1,25106.75,
PST-006776-G030,21325477,MNQ,MNQH6,CME,"01/21/2026 08:30:17.620-0500",SLD,1,25075.00,
PST-006776-G030,21325482,MNQ,MNQH6,CME,"01/21/2026 08:30:21.252-0500",BOT,1,25077.00,
PST-006776-G030,21325510,MNQ,MNQH6,CME,"01/21/2026 08:31:10.913-0500",SLD,1,25066.75,
PST-006776-G030,21325523,MNQ,MNQH6,CME,"01/21/2026 08:31:17.175-0500",SLD,1,25066.00,
PST-006776-G030,21326103,MNQ,MNQH6,CME,"01/21/2026 08:42:03.064-0500",BOT,1,25066.50,
PST-006776-G030,21326118,MNQ,MNQH6,CME,"01/21/2026 08:42:12.375-0500",BOT,1,25068.50,
PST-006776-G030,21326211,MNQ,MNQH6,CME,"01/21/2026 08:43:00.712-0500",SLD,1,25049.00,
PST-006776-G030,21326229,MNQ,MNQH6,CME,"01/21/2026 08:43:16.684-0500",BOT,1,25050.75,
PST-006776-G030,21326235,MNQ,MNQH6,CME,"01/21/2026 09:04:44.789-0500",SLD,1,25155.50,
PST-006776-G030,21327862,MNQ,MNQH6,CME,"01/21/2026 09:08:26.083-0500",BOT,1,25142.00,
PST-006776-G030,21329760,MNQ,MNQH6,CME,"01/21/2026 09:26:35.840-0500",SLD,1,25235.00,
PST-006776-G030,21375886,MNQ,MNQH6,CME,"01/22/2026 00:47:11.476-0500",SLD,1,25542.75,
PST-006776-G030,21376406,MNQ,MNQH6,CME,"01/22/2026 01:42:01.880-0500",BOT,1,25519.25,
PST-006776-G030,21376412,MNQ,MNQH6,CME,"01/22/2026 01:42:42.348-0500",BOT,1,25522.50,
PST-006776-G030,21376678,MNQ,MNQH6,CME,"01/22/2026 02:06:35.853-0500",SLD,1,25518.50,
PST-006776-G030,21376682,MNQ,MNQH6,CME,"01/22/2026 02:06:37.315-0500",SLD,1,25518.50,
PST-006776-G030,21376687,MNQ,MNQH6,CME,"01/22/2026 02:06:43.731-0500",SLD,1,25515.75,
PST-006776-G030,21376796,MNQ,MNQH6,CME,"01/22/2026 02:29:34.971-0500",BOT,2,25534.75,
PST-006776-G030,21376799,MNQ,MNQH6,CME,"01/22/2026 02:29:37.418-0500",BOT,1,25535.25,
PST-006776-G030,21376805,MNQ,MNQH6,CME,"01/22/2026 02:29:39.558-0500",BOT,1,25534.50,
PST-006776-G030,21376809,MNQ,MNQH6,CME,"01/22/2026 03:02:17.877-0500",SLD,1,25602.00,
PST-006776-G030,21377827,MNQ,MNQH6,CME,"01/22/2026 03:53:58.381-0500",SLD,1,25695.25,
PST-006776-G030,21428273,MNQ,MNQH6,CME,"01/22/2026 22:01:46.027-0500",BOT,1,25679.25,
PST-006776-G030,21428339,MNQ,MNQH6,CME,"01/22/2026 22:07:40.614-0500",SLD,1,25685.00,
PST-006776-G030,21428370,MNQ,MNQH6,CME,"01/22/2026 22:09:08.655-0500",BOT,1,25691.00,
PST-006776-G030,21428768,MNQ,MNQH6,CME,"01/22/2026 22:22:14.795-0500",SLD,1,25704.00,
PST-006776-G030,21429405,MNQ,MNQH6,CME,"01/22/2026 22:56:18.579-0500",SLD,1,25695.25,
PST-006776-G030,21429988,MNQ,MNQH6,CME,"01/22/2026 23:26:33.588-0500",BOT,1,25697.75,
PST-006776-G030,21429991,MNQ,MNQH6,CME,"01/22/2026 23:26:37.562-0500",BOT,1,25698.50,
PST-006776-G030,21429998,MNQ,MNQH6,CME,"01/22/2026 23:28:38.515-0500",SLD,1,25695.50,
PST-006776-G030,21430002,MNQ,MNQH6,CME,"01/22/2026 23:31:30.996-0500",BOT,1,25701.00,
PST-006776-G030,21430019,MNQ,MNQH6,CME,"01/22/2026 23:37:59.108-0500",BOT,1,25703.75,
PST-006776-G030,21430035,MNQ,MNQH6,CME,"01/22/2026 23:42:23.178-0500",SLD,2,25697.50,
PST-006776-G030,21430038,MNQ,MNQH6,CME,"01/22/2026 23:42:24.120-0500",SLD,1,25697.75,
PST-006776-G030,21430046,MNQ,MNQH6,CME,"01/22/2026 23:42:46.208-0500",SLD,1,25698.00,
PST-006776-G030,21430080,MNQ,MNQH6,CME,"01/22/2026 23:51:51.750-0500",BOT,2,25696.25,
PST-006776-G030,21430089,MNQ,MNQH6,CME,"01/22/2026 23:53:10.040-0500",BOT,1,25700.25,
PST-006776-G030,21430098,MNQ,MNQH6,CME,"01/22/2026 23:54:25.315-0500",BOT,1,25704.75,
PST-006776-G030,21430414,MNQ,MNQH6,CME,"01/23/2026 01:08:17.399-0500",SLD,1,25722.50,
PST-006776-G030,21430422,MNQ,MNQH6,CME,"01/23/2026 01:09:13.573-0500",SLD,1,25720.75,
PST-006776-G030,21430680,MNQ,MNQH6,CME,"01/23/2026 02:02:32.930-0500",SLD,1,25700.00,
PST-006776-G030,21430690,MNQ,MNQH6,CME,"01/23/2026 02:03:09.411-0500",SLD,1,25698.25,
PST-006776-G030,21430785,MNQ,MNQH6,CME,"01/23/2026 02:20:01.687-0500",BOT,1,25718.75,
PST-006776-G030,21430785,MNQ,MNQH6,CME,"01/23/2026 02:20:01.687-0500",BOT,1,25719.00,
PST-006776-G030,21430789,MNQ,MNQH6,CME,"01/23/2026 02:20:04.761-0500",BOT,1,25720.00,
PST-006776-G030,21430801,MNQ,MNQH6,CME,"01/23/2026 02:22:14.029-0500",BOT,1,25723.50,
PST-006776-G030,21430825,MNQ,MNQH6,CME,"01/23/2026 02:28:07.525-0500",SLD,1,25718.50,
PST-006776-G030,21430833,MNQ,MNQH6,CME,"01/23/2026 02:29:37.182-0500",SLD,1,25717.25,
PST-006776-G030,21430842,MNQ,MNQH6,CME,"01/23/2026 02:30:11.162-0500",SLD,1,25715.50,
PST-006776-G030,21430847,MNQ,MNQH6,CME,"01/23/2026 02:30:13.865-0500",SLD,1,25714.00,
PST-006776-G030,21430846,MNQ,MNQH6,CME,"01/23/2026 03:20:33.217-0500",BOT,1,25649.00,
PST-006776-G030,21431489,MNQ,MNQH6,CME,"01/23/2026 03:32:26.330-0500",BOT,1,25634.50,
PST-006776-G030,21431509,MNQ,MNQH6,CME,"01/23/2026 03:33:07.943-0500",SLD,1,25617.75,
PST-006776-G030,21431515,MNQ,MNQH6,CME,"01/23/2026 03:34:02.022-0500",BOT,1,25606.00,
